{"cameraMode":{"drawMode":0,"name":"Shaded","section":"Shading Mode"},"sceneLighting":false,"audioPlay":false,"sceneViewState":{"showFog":true,"showMaterialUpdate":false,"showSkybox":false,"showFlares":true,"showImageEffects":true,"showParticleSystems":true},"in2DMode":false,"pivot":{"x":-527.3250122070313,"y":0.7500000596046448,"z":468.70001220703127},"rotation":{"x":-0.4373618960380554,"y":-0.542474627494812,"z":0.39727118611335757,"w":-0.5971859097480774},"size":7.527419090270996,"orthographic":false}