{"cameraMode":{"drawMode":0,"name":"Shaded","section":"Shading Mode"},"sceneLighting":false,"audioPlay":false,"sceneViewState":{"showFog":true,"showMaterialUpdate":false,"showSkybox":false,"showFlares":true,"showImageEffects":true,"showParticleSystems":true},"in2DMode":false,"pivot":{"x":5.960464477539063e-8,"y":2.4250001907348635,"z":1.9749999046325684},"rotation":{"x":0.40576159954071047,"y":0.03892948850989342,"z":-0.017291387543082238,"w":0.9129958748817444},"size":1.3606247901916505,"orthographic":false}